pattern,server,address,privkey
1Fee,Server 2 (4x 5090),1FeeCUzG24PSEuguDWE61XqhVw3tmzKEib,5KBVNusnnAyijeJu76GSYUDbfmRruXGhJmoEWuQiJn6zpCs9F9h
1Fee,Server 4 (4x 5090),1FeefVd8NGYCwxh9a5fAjxAJb9zaB7yczC,5KkCm7b3zbYVH1ALbX4C8i24u9uDKM6WxBs7t34h2UA7L4VnxrP
1Gun,Server 1 (8x 4080S),1GunV8zXDyypo6p14VFpXPzLZ6xg7cF26J,5JEdR9tVUHcVA1PYm5cBRoP1BbXW4xqRaKURSJNR8YMihjxHye3
1Gun,Server 2 (4x 5090),1GunSss63fEcTc7yvxBV7GeFXeBB2uvj4,5KBVNusnnAyijeJu76GSYUDbfmRruXGhJmoHZ6peqL3HEanQd1B
1BTC,Server 1 (8x 4080S),1BTCuLNtmPwxPzfp9CnySMSNr39AJzYEnb,5KABTPrNwJuajCzwkRMoNraY7Bfaxamn42yEVn5VV2xYMT84PNy
1Eve,Server 1 (8x 4080S),1EveWLWLWH6dVtqw1fKaYj472mSzroRzkF,5JKVnSya9epawCzQJf3EhMJnBCGREvq6M29x5XS9hxJVv17gCjR
1Bob,Server 1 (8x 4080S),1BobSAtq7ro4a6phRL37VUkCSA7vUefJfF,5JEdR9tVUHcVA1PYm5cBRoP1BbXW4xqRaKURSJNR8S1vWso1YZv
1Mike,Server 4 (4x 5090),1MikeedAWT2Z2xnvLDmYdrhDAJ91XvoMP4,5KkCm7b3zbYVH1ALbX4C8i24u9uDKM6WxBs4qqekVvQppAKEm6U
1111,Server 1 (8x 4080S),1111fZkz4nR5KDw1CFjMYH42YkJ5NaBn,5JVEX39jWPEnVcC7PouMETALAPkFarpRtRX1MyZcruue8h2f59o
1111,Server 1 (8x 4080S),1111CeycppWGSfKZn2ythuSSszBgfEMcY,5KABTPrNwJuajCzwkRMoNraY7Bfaxamn42yEVn5VUb9GChVY6v5
1ABC,Server 1 (8x 4080S),1ABC2HnXmwdNtGEkpXAvEhTecgcRCKJxTq,5JKVnSya9epawCzQJf3EhMJnBCGREvq6M29x5XS9iHwrrPXxjmD
1ABC,Server 1 (8x 4080S),1ABCZ215ZYmqJUV4BiiVf9BjAZ372Z8vBE,5J9m3roQnvQPNonhDWB8AFTEBznatzqkocnto5JgYx9A8VEuSBj
1ABC,Server 2 (4x 5090),1ABCHeJusMNht4ysB6JQH5RJm1aE7LrFPh,5KBVNusnnAyijeJu76GSYUDbfmRruXGhJmoBUhzmnRngMM3GtDn
1ABC,Server 2 (4x 5090),1ABCSPGjSLf8RQi6CckcfEyr1xabFHTcDe,5KBVNusnnAyijeJu76GSYUDbfmRruXGhJmoEWuQiJonQ3EtNoGp
1Key,Server 1 (8x 4080S),1Keyxnr4cSfNjijFuQiSbED5ypgVWHFgp3,5Hz2KGdFSBzBpQaz8MK1d9bgCoJkZ4rRGDRqWdBDQNDYNbEZjSr
1Key,Server 2 (4x 5090),1Key3ZRsdp6SLbM1tj2Uju6xhw1wa7e22h,5KBVNusnnAyijeJu76GSYUDbfmRruXGhJmoBUhzmnN7FbqURdGM
1Key,Server 2 (4x 5090),1KeyB6fmDiisyB28RR6ot2SkA5Sk8Gq269,5KBVNusnnAyijeJu76GSYUDbfmRruXGhJmoBUhzmnSeMhVavHEq
1Key,Server 4 (4x 5090),1KeyaZwq5cCgRLpnmnue9rVXrsEB2os8iq,5KkCm7b3zbYVH1ALbX4C8i24u9uDKM6WxBs7t34h2Xbcgf7kB1D
1Hot,Server 1 (8x 4080S),1HotL4ShHrMSsaKdnndaK5L9fzhtwGjHgP,5J9m3roQnvQPNonhDWB8AFTEBznatzqkocnto5JgZ1K1iZ1YtWy
1Hot,Server 1 (8x 4080S),1HotSK53abrQjHTDEQQ4E77JKMLtYRjdcE,5J4tgZiL7ZCHbcBqfvk4thXTCQ3fj2r62v7N9rEwyQuzgLYLTAj
1Hot,Server 1 (8x 4080S),1HotjiUQRPiXoUQCcTmbWLjfiM3ZEt3U8Z,5JVEX39jWPEnVcC7PouMETALAPkFarpRtRX1MyZcsFW8knnU8Va
1Big,Server 1 (8x 4080S),1BigY4sN2uGW1zywBQ6ScPc35ootYJV7qi,5JKVnSya9epawCzQJf3EhMJnBCGREvq6M29x5XS9hzhgPEFG83k
1Big,Server 2 (4x 5090),1BigQC7fT54ptYUJ7mn9deiPWjb1RF2t2H,5KBVNusnnAyijeJu76GSYUDbfmRruXGhJmoHZ6peqKQ5hDf5sKW
